"tau","race","X.Intercept.","prenatal_visit_category.10","prenatal_visit_category6.10","diabete","hypertension","cigarette","age_cat..19","age_cat..35","low_income","marital_catUnmarried","education_catcollege","education_catsome.college"
0.2,"asian",2163.03846153846,503.241758869366,292.647624279159,-75.6683292533659,-459.036318835229,-4.07855258958791,-16.93734486597,-18.2690340116038,14.0837000736829,-13.9599089488735,-5.07038814320136,-7.27855782112741
0.2,"black",2150.76525261487,487.407813511087,271.40329307914,44.0427160513168,-382.428608914367,-192.732055398639,-2.87582055166741,-95.5542055017764,19.9927540415151,-102.169156482169,61.5800632203573,8.08307053396566
0.2,"hispanic",2357.49214457737,421.339563381302,217.228612419114,-7.00740288503077,-421.624590385031,-173.913471221611,-57.9892659247304,-69.8425561193774,9.15556360786391,-35.1960145148346,23.0019369011449,-11.0392398381415
0.2,"white",2275.1252349854,575.827364662714,305.887268602321,-45.1559072312786,-316.042933051112,-191.111730777879,-59.7488173537228,-44.2240714641802,-20.5651308753166,-70.3864962466602,62.2457423207984,20.2803671867819
0.05,"asian",1440.49293062485,855.254098360656,538.639405706983,-111.051884057971,-618.028568215892,-99.9732783608194,3.74100735346653,-57.573115942029,31.7860869565214,-55.9451449275365,-1.22876811594204,-30.4198146828225
0.05,"black",1444.35274607543,762.116950894266,398.883617560933,55.2291222861925,-451.652796255235,-148.841414141414,25.2063950134652,-132.699949820195,43.2566158363701,-112.218231997987,39.3030303030306,-14.1907292099067
0.05,"hispanic",1666.54999842235,721.877150051386,387.760208420691,-10.6420558412149,-524.577068885807,-120.972929536544,-18.5912845720819,-136.662795979058,26.5546580218236,-41.7998046239013,18.0753726810628,-30.4051398288946
0.05,"white",1529.17805955634,931.38190367264,498.363372651914,-46.1073112799058,-407.98325634039,-157.341628133265,-54.5608747595762,-75.1744598993786,-18.4731415235502,-82.9091245159436,81.9555511759291,17.2288520763943
